{"id":0,"name":"Rock 'n Roll Guacamole","description":"The secret to great guacamole is really quite simple: nice, ripe, tasty avocados You never want the other ingredients to overshadow the avocado taste, just enhance it. I don't make my guacamole very spicy. I prefer a very avocado-rich fla vor, so the spice is mild. But if you do like it spicier, just add a bit of cayenne pepPer, serrano chiles, or a spicier chili powder. Do enjoy. This is addictive!","url":"","image":"\/media_\/oslo\/bouffe\/guacamole1.jpg","prepTime":"PT0H30M","cookTime":"","totalTime":"","recipeCategory":"Appetizer ","keywords":"avocado,mexican","recipeYield":6,"tool":[],"recipeIngredient":["3 large or 4 medium ripe Hass avocados","1\/2 small ripe tomato","4 small green onions (scallions)","1\/4 to 1\/3 bunch of cilantro (healthy sprigs)","1\/2 clove garlic","1 lime","2 tablespoons LaVictoria Mild Green Taco Sauce (very important!)","12 teaspoons chili powder","Salt and pepper"],"recipeInstructions":["Scoop the avocados out of the shells with a spoon and save at least one or two of the pits, as we'll use them to preserve the guacamole when we store it.","Chop the tomato into fine bits, and avoid the watery parts with the seeds (the could add too much moisture to the guacamole and make it too runny).","Chop the green onions (use about half the stalk as well).","Chop the cilantro into small pieces, avoiding their stems (removing the leaves before you chop is easier).\n","Combine the avocados, tomato, green onions, and cilantro in a bowl that has been swiped with a bit of fresh garlic (just a very mild coating). This is preferred to actu ally adding garlic, as that tends to be too strong.","Now squeeze the lime, not completely, just moisten the mixture mildly, and add the taco sauce.\n","Put the chili powder on top and begin to mash. A potato masher works well to start, then as it gets fine you can mash with a fork.\n","Add salt and pepper to taste. But remember that if you're serving with tortilla chips, they tend to be very salty, so you may wanna test with tortilla chips. Now pig out!!!!\n","To store the guacamole, immerse the pits you put aside earlier into the mixture. Cover and refrigerate. The pits help ease the browning that tends to happen to gua camole left overnight. Should last at least another day or so."],"nutrition":[],"@context":"http:\/\/schema.org","@type":"Recipe","dateModified":"2021-03-30T00:23:16+0000","dateCreated":"2021-03-30T00:23:16+0000"}