{"id":72624,"name":"Easy Oven Roasted Potatoes","description":"Crisp on the outside and fluffy on the inside, Roasted Potatoes are an easy side dish that goes with pretty much any meal!","url":"https:\/\/www.spendwithpennies.com\/simple-herb-oven-roasted-potatoes\/#wprm-recipe-container-135957","image":"\/recipes_\/images\/easy_oven_roasted_potatoes.jpg","prepTime":"PT1H15M","cookTime":"PT0H30M","totalTime":"PT1H45M","recipeCategory":"Side Dish","keywords":"roasted,potatoes,oven,american","recipeYield":6,"tool":[],"recipeIngredient":["2 pounds red or yellow skinned potatoes","2 tablespoons olive oil","1 teaspoon garlic powder","3 tablespoons fresh herbs chopped (rosemary, parsley, thyme, basil)","\u00bd teaspoon paprika"," to taste coarse salt and pepper"],"recipeInstructions":["Preheat oven to 425\u00b0F.\n","Scrub potatoes (do not peel them). Dice into 1\u201d cubes.\n","If time allows, soak potatoes in cold water for up to 1 hour. (This removes starch and makes for a fluffier potato). Drain and dry potatoes, if required.","Toss potatoes, olive oil, herbs, and seasonings","Place on a baking sheet and bake for 30-35 minutes until browned and tender."],"nutrition":{"calories":"148","carbohydrateContent":"24g","fatContent":"4g","proteinContent":"2g","sodiumContent":"27mg","fiberContent":"2g","sugarContent":"1g"},"@context":"http:\/\/schema.org","@type":"Recipe","dateModified":"2021-03-30T00:25:09+0000","dateCreated":"2021-03-29T20:12:13+0000","printImage":false,"imageUrl":"\/index.php\/apps\/cookbook\/recipes\/72624\/image?size=full"}