{"id":73156,"name":"Party Potatoes","description":"The first time I had Party Potatoes was at my wife's parents' house on Vancou- RIver Island. Took one bite and thought, This is the bomb!! These go with any dish and are great as a morning hangover remedy. The only thing missing from this rock 'n' roll staple is waking up next to Giada De Laurentiis from the cooking channel. Which I obviously have done.","url":"","image":"\/media_\/oslo\/bouffe\/party_potatoes.jpg","prepTime":"PT0H15M","cookTime":"PT0H45M","totalTime":"PT1H0M","recipeCategory":"Lunch","keywords":"potatoes,american,oven","recipeYield":6,"tool":[],"recipeIngredient":["One 3-pound bag frozen hash browns","Two 10.75-ounce cans condensed cream of mushroom soup","2 cup melted margarine","2 cups sour cream","2 cups grated cheddar cheese"],"recipeInstructions":["Take the frozen hash browns out of the bag to thaw out a bit.\n","Mix the soup, marga rine, and sour cream in a casserole dish.\n","Mix in hash browns and then the cheese.","Bake at 350 F for 30 to 45 minutes.","Eat, then partyyyyyyyyy!"],"nutrition":[],"@context":"http:\/\/schema.org","@type":"Recipe","dateModified":"2021-03-30T00:25:35+0000","dateCreated":"2021-03-30T00:09:55+0000","printImage":false,"imageUrl":"\/index.php\/apps\/cookbook\/recipes\/73156\/image?size=full"}