{"id":72639,"name":"Honey Garlic Butter Roasted Carrots","description":"Honey Garlic Butter Roasted Carrots are the best side dish to add to your dinner table! Buttery, tender carrots roasted with the best honey garlic butter sauce! Honey Garlic Butter Roasted Carrots take ordinary roasted carrots to a whole new level! ","url":"https:\/\/cafedelites.com\/honey-garlic-butter-roasted-carrots\/#wprm-recipe-container-51027","image":"\/recipes_\/images\/Honey-Garlic-Butter-Carrots.jpg","prepTime":"PT0H10M","cookTime":"PT0H20M","totalTime":"PT0H30M","recipeCategory":"Side Dish","keywords":"oven,roasted,carrots","recipeYield":4,"tool":[],"recipeIngredient":["2 pounds (1 kg) carrots washed and peeled (or unpeeled)","1\/3 cup butter","3 tablespoons honey","4 garlic cloves minced","1\/4-1\/2 teaspoon salt plus more for seasoning","Cracked black pepper","2 tablespoons fresh chopped parsley"],"recipeInstructions":["Preheat oven to 425\u00b0F (220\u00b0C). Lightly grease a large baking sheet with nonstick cooking oil spray; set aside.\n","Trim ends of carrots and cut into thirds.","Melt butter in a pan or skillet over medium-heat. Pour in honey and cook, while stirring, until completely melted through the butter. Add the garlic and cook for 30 seconds until fragrant while stirring.\n","Add the carrots and allow the sauce to thicken for a further minute, while tossing the carrots through the sauce. Season with salt and pepper. \n","Transfer carrots to baking sheet in a single layer so they cook evenly. Toss to evenly coat.\n","Roast for 20 minutes, or until carrots are fork-tender. Broil (or grill) for 2-3 minutes on high heat to crisp\/char the edges.\n","OPTIONAL: Transfer them back into the skillet and allow carrots to simmer in the sauce over high heat for 5 minutes to thicken the sauce into a glaze. *SEE NOTES.\n","Season with a little extra salt and pepper if desired. Garnish with parsley.\n","Arrange onto serving platter and enjoy!\n"],"nutrition":{"calories":"281kcal","carbohydrateContent":"35g","proteinContent":"2g","fatContent":"15g","saturatedFatContent":"9g","cholesterolContent":"40mg","sodiumContent":"306mg","fiberContent":"6g","sugarContent":"9g"},"@context":"http:\/\/schema.org","@type":"Recipe","dateModified":"2021-03-30T00:25:51+0000","dateCreated":"2021-03-29T20:19:47+0000","printImage":false,"imageUrl":"\/index.php\/apps\/cookbook\/recipes\/72639\/image?size=full"}