{"id":0,"name":"Dirty Jersey Wings","description":"This is a fairly simple recipe and chances are, even if you aren't a great these will still come out bangin'. This dish works best when accompanied by the sporting event of your choice. A sausage party entr\u00e9e for sure. Dude fest... no bitches allowed.","url":"","image":"\/media_\/oslo\/bouffe\/IMG_20200705_192951.jpg","prepTime":"PT0H30M","cookTime":"PT0H40M","totalTime":"PT1H10M","recipeCategory":"Appetizer","keywords":"american","recipeYield":6,"tool":[],"recipeIngredient":["2 to 3 pounds chicken wings","All-purpose flour Cayenne pepper","Ground black pepper","2 large eggs","5 1\/3 tablespoons (2\/3 stick) salted butter","Chopped garlic","Two 12-ounce bottles Frank's Red Hot Sauce (accept NO imitations!!!!)"],"recipeInstructions":["Preheat the oven to 475\u00b0F\n","If you really want to keep it gansta' you'll buy fresh whole chicken wings and sec tion them yourself. Chop at the joints, leaving a drumstick and a wing (discard the tips). Mix flour with some cayenne pepper and black pepper (to taste). Beat the eggs together in a separate bowl. Dip the chicken pieces in the egg bowl, then dip in the flour bowl until evenly coated.\n","Place the chicken pieces on a baking sheet and bake until they are nice and golden, maybe 40 minutes or so (make sure they are cooked ... you don't want salmonella or some shit!!!).\n","When the wings are finished cooking, in a saucepan, combine the butter and the garlic. Cook until melted. Pour over wings immediately. After the wings are prop erly coated with the savory garlic butter goodness, pour on the Frank's Red Hot.\n","Serve YO!!"],"nutrition":[],"@context":"http:\/\/schema.org","@type":"Recipe","dateModified":"2021-03-30T16:42:33+0000","dateCreated":"2021-03-30T16:42:33+0000"}