{"id":0,"name":"Guacamole","description":"Though I have no Mexican heritage, I grew up in Northern California where guacamole feels like more a part of my cultural upbringing than matzo ball soup. I threw this recipe together when I was asked to bring food to a party. I've taquerias (Mexican caf\u00e9s) are as common as coffee houses in Seattle. As a result, made it countless times since, and it always seems to be a hit even though it's simple to make and can be easily adjusted to suit different tastes.","url":"","image":"\/media_\/oslo\/bouffe\/guacamole2.jpg","prepTime":"PT0H30M","cookTime":"","totalTime":"PT0H30M","recipeCategory":"Appetizer","keywords":"mexican,avocado","recipeYield":6,"tool":[],"recipeIngredient":["4 avocados, dark green and very ripe (the softer the better)","1 green onion (scallion), chopped","1 large tomato, seeded and diced","1 tablespoon mild green taco sauce","2 tablespoons garlic powder","1 teaspoon ground black pepper","1 teaspoon salt","1 teaspoon your favorite hot sauce, or more (optional) I like Blair's Death sauce and Dave's Insanity","1\/2 lemon"],"recipeInstructions":["Slice each avocado in half with a kitchen knife (doesn't need to be sharp), cutting around the pit. Remove pit and discard. With a large spoon, scoop contents of each half out of the skin and into a large bowl. Discard the skin. Take knife and cut avocado \"meat\" into as many sections as possible. Take fork and mash thoroughly. \n","Toss in the green onion and tomato and stir. Add the taco sauce, garlic powder, pep per, salt, and hot sauce (if using). Stir it all together. Feel free to adjust ingredients to taste. When ready, squeeze the juice from the lemon all over the top. Do not stir. Cover with plastic wrap and refrigerate. Serve cold with tortilla chips. Bueno!\n"],"nutrition":[],"@context":"http:\/\/schema.org","@type":"Recipe","dateModified":"2021-03-30T16:31:26+0000","dateCreated":"2021-03-30T16:31:26+0000"}