{"id":0,"name":"Nacho Pie","description":"Contrary to popular belief, I am not Mexican. But somewhere between the Italian and the Puerto Rican lies my inner bandito. I could cat Mexican food three square meals a day, and nachos would most likely be two of the three. Nachos are pretty simple to make and filling as long as you don't skimp on the cheese. My wife and I came up with this super awesome variation that we make every time come home from the road.","url":"","image":"\/media_\/oslo\/bouffe\/nacho_pie.jpg","prepTime":"PT0H30M","cookTime":"PT0H18M","totalTime":"PT0H48M","recipeCategory":"Main Dishes: Poultry","keywords":"mexican,turkey","recipeYield":4,"tool":[],"recipeIngredient":["1 tablespoon extra virgin olive oil","2 garlic cloves, finely diced","1 pound lean ground turkey","1 to 2 packets Goya Saz\u00f3n con Azafr\u00e1n","4 teaspoon ground cumin","1 teaspoon chili powder","One 15-ounce can Goya red kidney beans, drained and rinsed ","One 15-ounce can Goya black bean soup, liquid drained off","1 green onion (scallion), green portion finely chopped ","One 15-ounce bag tortilla chips (we like multigrain, but go ahead and get crazy with it)","8 ounces grated sharp white cheddar cheese (2 cups) ","8 ounces grated Jack cheese (2 cups)","[OPTIONAL] Pickled jalape\u00f1os (Claudio likes to buy the 100-ounce cans from wholesale stores, which last pretty much forever)","[OPTIONAL] Sour cream","[OPTIONAL] Salsa","[OPTIONAL] Avocadoes, diced","[OPTIONAL] Fresh cilantro (if you're into that sort of thing)","[OPTIONAL] Hot sauce"],"recipeInstructions":["Preheat the oven to 400\u00b0F\n","Heat a nonstick skillet over medium heat. Add oil and garlic, saut\u00e9 for one minute, then crumble in the ground turkey. Season with 1 to 2 packets of Saz\u00f3n, the cumin, and chili powder, mixing occasionally with a wooden spoon.\n","While the turkey cooks, heat the red beans, black beans, and remaining Saz\u00f3n pack et together in a large saucepan over medium heat, stirring frequently, for 8 minutes or so. When meat is browned, add the cooked beans to the skillet and stir gently together. Add the green onion to mixture.\n","In a 9 by 13-inch pan, arrange one layer of chips (half the bag). Cover with half the meat and bean mixture. Sprinkle with half of each cheese. Repeat with the remain ing chips, meat mixture, and cheese so there are two layers. Bake for 5 to 10 min utes, until cheese is melted and bubbly.\n","Enjoy immediately with optional goodies, a Corona, and a funny or terrifying DVD."],"nutrition":[],"@context":"http:\/\/schema.org","@type":"Recipe","dateModified":"2021-03-30T16:25:51+0000","dateCreated":"2021-03-30T16:25:51+0000"}