{"@context":"http:\/\/schema.org","@type":"Recipe","author":{"@type":"Person","name":"Jennifer Segal"},"name":"Perfect Basmati Rice","description":"This recipe makes light, tender and fluffy basmati rice every time.","prepTime":"PT0H0M","cookTime":"PT0H0M","totalTime":"PT0H25M","nutrition":{"@type":"NutritionInformation"},"recipeInstructions":["Place the rice in medium bowl and add enough water to cover by 2 inches. Using your hands, gently swish the grains to release any excess starch. Carefully pour off the water, leaving the rice in the bowl. Repeat four times, or until the water runs almost clear. Using a fine mesh strainer, drain the rice. ","In a medium pot, bring the water, butter, salt, and rice to a boil. Cover the pot with a tight fitting lid, then turn the heat down to a simmer and cook for 15 to 20 minutes, until all of the water is absorbed and the rice is tender. If the rice is still too firm, add a few more tablespoons of water and continue cooking for a few minutes more. Remove the pan from the heat and allow it to sit covered for 5 minutes. Fluff the rice with a fork and serve.","Freezer-Friendly Instructions: This rice can be frozen in an airtight container for up to 3 months. (Putting it in a flat layer in sealable plastic bags works well as it will take up less space in the freezer.) No need to thaw before reheating; remove it from the freezer and reheat in the microwave with 1 to 2 Tbsp. of water."],"recipeIngredient":["1 cup Indian basmati rice","1-3\/4 cups water","1-1\/2 tablespoons unsalted butter","1\/2 teaspoon salt"],"recipeYield":4,"image":"https:\/\/www.onceuponachef.com\/images\/2013\/12\/basmati-rice-1200x912.jpg","aggregateRating":{"@type":"AggregateRating","ratingValue":4.5,"ratingCount":"61"},"datePublished":"2013-12-05T16:29:22-05:00","keywords":"All Seasons,Rice","recipeCuisine":"Indian","recipeCategory":"Side Dish","tool":[],"url":"https:\/\/www.onceuponachef.com\/recipes\/perfect-basmati-rice.html","dateModified":"2021-04-05T17:19:34+0000","dateCreated":"2021-04-05T17:19:09+0000","id":73265,"printImage":false,"imageUrl":"\/apps\/cookbook\/recipes\/73265\/image?size=full"}