{"id":0,"name":"Vegetable Soup","description":"This is a hearty meal that my wife and I enjoy very much. This soup combines all my favorite vegetables.","url":"","image":"\/media_\/oslo\/bouffe\/IMG_20200603_194502.jpg","prepTime":"PT1H0M","cookTime":"PT1H0M","totalTime":"PT2H0M","recipeCategory":"Soups","keywords":"vegetables","recipeYield":10,"tool":[],"recipeIngredient":["5 small beef bouillon cubes","1\/2 baking potato, peeled and sliced","2 Spanish onions, chopped","4 leeks, cut into 2-inch pieces","1\/2 parsnip, peeled and chopped","1\/2 turnip, peeled and chopped","2 celery stalks, chopped","1\/4 head cauliflower, chopped","4 Brussels sprouts, chopped","2 small heads broccoli, chopped","5 carrots, chopped","8 cherry tomatoes","10 bean sprouts","1 cup peas","2 tablespoons chopped fresh dill","Ground turmeric","Ground cinnamon","Ground ginger"],"recipeInstructions":["Boil 2 quarts of water and add the bouillon cubes.","\nAdd the potato, onions, and leeks and cook for 5 minutes.","Add the parsnip, turnip, celery, cauliflower, Brussels sprouts, broccoli, carrots, and tomatoes and cook for 5 minutes.\n","Add the bean sprouts, peas, and meatballs (if using) and cook for 5 minutes more.","Add the dill. Add a touch of turmeric, cinnamon, and ginger at the end before serving."],"nutrition":[],"@context":"http:\/\/schema.org","@type":"Recipe","dateModified":"2021-03-30T16:56:30+0000","dateCreated":"2021-03-30T16:56:30+0000"}